zone,code,name
TL.M1.SD1,TL.M1.SD1.SC1,Suco Iliomar I
TL.M1.SD1,TL.M1.SD1.SC2,Suco Iliomar II
TL.M1.SD1,TL.M1.SD1.SC3,Suco Ailebere
TL.M1.SD1,TL.M1.SD1.SC4,Suco Fuat
TL.M1.SD1,TL.M1.SD1.SC5,Suco Cainliu
TL.M1.SD1,TL.M1.SD1.SC6,Suco Tirilolo
TL.M1.SD2,TL.M1.SD2.SC7,Suco Baduro
TL.M1.SD2,TL.M1.SD2.SC8,Suco Com
TL.M1.SD2,TL.M1.SD2.SC9,Suco Daudere
TL.M1.SD2,TL.M1.SD2.SC10,Suco Eukisi
TL.M1.SD2,TL.M1.SD2.SC11,Suco Ililai
TL.M1.SD2,TL.M1.SD2.SC12,Suco Maina I
TL.M1.SD2,TL.M1.SD2.SC13,Suco Maina II
TL.M1.SD2,TL.M1.SD2.SC14,Suco Pairara
TL.M1.SD2,TL.M1.SD2.SC15,Suco Parlamento
TL.M1.SD2,TL.M1.SD2.SC16,Suco Serelau
TL.M1.SD3,TL.M1.SD3.SC17,Suco Bauro
TL.M1.SD3,TL.M1.SD3.SC18,Suco Cacavei
TL.M1.SD3,TL.M1.SD3.SC19,Suco Fuiloro
TL.M1.SD3,TL.M1.SD3.SC20,Suco Home
TL.M1.SD3,TL.M1.SD3.SC21,Suco Leuro
TL.M1.SD3,TL.M1.SD3.SC22,Suco Loré I
TL.M1.SD3,TL.M1.SD3.SC23,Suco Loré II
TL.M1.SD3,TL.M1.SD3.SC24,Suco Muapitine
TL.M1.SD3,TL.M1.SD3.SC25,Suco Raça
TL.M1.SD3,TL.M1.SD3.SC26,Suco Souro
TL.M1.SD4,TL.M1.SD4.SC27,Suco Afabubu
TL.M1.SD4,TL.M1.SD4.SC28,Suco Baricafa
TL.M1.SD4,TL.M1.SD4.SC29,Suco Cotamuto
TL.M1.SD4,TL.M1.SD4.SC30,Suco Lakawa
TL.M1.SD4,TL.M1.SD4.SC31,Suco Luro
TL.M1.SD4,TL.M1.SD4.SC32,Suco Wairoke
TL.M1.SD4,TL.M1.SD4.SC33,Tutuala Administrative Post
TL.M1.SD4,TL.M1.SD4.SC34,Suco Mehara
TL.M1.SD4,TL.M1.SD4.SC35,Suco Tutuala
TL.M10.SD45,TL.M10.SD45.SC333,Suco Ainaro
TL.M10.SD45,TL.M10.SD45.SC334,Suco Cassa
TL.M10.SD45,TL.M10.SD45.SC335,Suco Manutassi
TL.M10.SD45,TL.M10.SD45.SC336,Suco Mau-Nunu
TL.M10.SD45,TL.M10.SD45.SC337,Suco Mau-Ulo
TL.M10.SD45,TL.M10.SD45.SC338,Suco Soro
TL.M10.SD45,TL.M10.SD45.SC339,Suco Suro-Craic
TL.M10.SD46,TL.M10.SD46.SC341,Suco Beikala
TL.M10.SD46,TL.M10.SD46.SC342,Suco Leolima
TL.M10.SD47,TL.M10.SD47.SC344,Suco Mulo
TL.M10.SD47,TL.M10.SD47.SC345,Suco Mauchiga
TL.M10.SD47,TL.M10.SD47.SC346,Suco Nunu Mogue
TL.M10.SD48,TL.M10.SD48.SC348,Suco Aituto
TL.M10.SD48,TL.M10.SD48.SC349,Suco Edi
TL.M10.SD48,TL.M10.SD48.SC350,Suco Fatubessi
TL.M10.SD48,TL.M10.SD48.SC351,Suco Horiauic
TL.M10.SD48,TL.M10.SD48.SC352,Suco Liurai
TL.M10.SD48,TL.M10.SD48.SC353,Suco Manelobas
TL.M10.SD48,TL.M10.SD48.SC354,Suco Manetu
TL.M10.SD48,TL.M10.SD48.SC355,Suco Maubisse
TL.M10.SD48,TL.M10.SD48.SC356,Suco Maulau
TL.M11.SD49,TL.M11.SD49.SC357,Suco Aidabaleten
TL.M11.SD49,TL.M11.SD49.SC358,Suco Atabai
TL.M11.SD49,TL.M11.SD49.SC359,Suco Rairobo
TL.M11.SD49,TL.M11.SD49.SC360,Suco Hataz
TL.M11.SD50,TL.M11.SD50.SC361,Suco Balibo Kota
TL.M11.SD50,TL.M11.SD50.SC362,Suco Batugade
TL.M11.SD50,TL.M11.SD50.SC363,Suco Cová
TL.M11.SD50,TL.M11.SD50.SC364,Suco Leohitu
TL.M11.SD50,TL.M11.SD50.SC365,Suco Leolima
TL.M11.SD50,TL.M11.SD50.SC366,Suco Sanirin
TL.M11.SD51,TL.M11.SD51.SC367,Suco Ai-Assa
TL.M11.SD51,TL.M11.SD51.SC368,Suco Atu Aben
TL.M11.SD51,TL.M11.SD51.SC369,Suco Bobonaro
TL.M11.SD51,TL.M11.SD51.SC370,Suco Carabau
TL.M11.SD51,TL.M11.SD51.SC371,Suco Colimau
TL.M11.SD51,TL.M11.SD51.SC372,Suco Cota Bo’ot
TL.M11.SD51,TL.M11.SD51.SC373,Suco Ilatalaun
TL.M11.SD51,TL.M11.SD51.SC374,Suco Leber
TL.M11.SD51,TL.M11.SD51.SC375,Suco Lour
TL.M11.SD51,TL.M11.SD51.SC376,Suco Lourba
TL.M11.SD51,TL.M11.SD51.SC377,Suco Maliubu
TL.M11.SD51,TL.M11.SD51.SC378,Suco Malilait
TL.M11.SD51,TL.M11.SD51.SC379,Suco Molop
TL.M11.SD51,TL.M11.SD51.SC380,Suco Oe-Leu
TL.M11.SD51,TL.M11.SD51.SC381,Suco Sibuni
TL.M11.SD51,TL.M11.SD51.SC382,Suco Soi Leco
TL.M11.SD51,TL.M11.SD51.SC383,Suco Tapo
TL.M11.SD51,TL.M11.SD51.SC384,Suco Tebabui
TL.M11.SD52,TL.M11.SD52.SC385,Suco Atudara
TL.M11.SD52,TL.M11.SD52.SC386,Suco Daudo
TL.M11.SD52,TL.M11.SD52.SC387,Suco Goulolo
TL.M11.SD52,TL.M11.SD52.SC388,Suco Guenolai
TL.M11.SD52,TL.M11.SD52.SC389,Suco Manapa
TL.M11.SD52,TL.M11.SD52.SC390,Suco Miligo
TL.M11.SD52,TL.M11.SD52.SC391,Suco Purogoa
TL.M11.SD52,TL.M11.SD52.SC392,Suco Raiheu
TL.M11.SD53,TL.M11.SD53.SC393,Suco Deudet
TL.M11.SD53,TL.M11.SD53.SC394,Suco Gildapil
TL.M11.SD53,TL.M11.SD53.SC395,Suco Guda
TL.M11.SD53,TL.M11.SD53.SC396,Suco Lebos
TL.M11.SD53,TL.M11.SD53.SC397,Suco Lontas
TL.M11.SD53,TL.M11.SD53.SC398,Suco Lupai
TL.M11.SD53,TL.M11.SD53.SC399,Suco Opa
TL.M11.SD54,TL.M11.SD54.SC400,Suco Holsa
TL.M11.SD54,TL.M11.SD54.SC401,Suco Lahomea
TL.M11.SD54,TL.M11.SD54.SC402,Suco Odamau
TL.M11.SD54,TL.M11.SD54.SC403,Suco Rai Fun
TL.M11.SD54,TL.M11.SD54.SC404,Suco Ritabou
TL.M11.SD54,TL.M11.SD54.SC405,Suco Saburai
TL.M11.SD54,TL.M11.SD54.SC406,Suco Tapo Memo
TL.M12.SD55,TL.M12.SD55.SC407,Suco Fatululic
TL.M12.SD55,TL.M12.SD55.SC408,Suco Taroman
TL.M12.SD56,TL.M12.SD56.SC409,Suco Beluluik Leten
TL.M12.SD56,TL.M12.SD56.SC410,Suco Fatumea
TL.M12.SD56,TL.M12.SD56.SC411,Suco Nanu
TL.M12.SD57,TL.M12.SD57.SC412,Suco Dato Rua
TL.M12.SD57,TL.M12.SD57.SC413,Suco Dato Tolu
TL.M12.SD57,TL.M12.SD57.SC414,Suco Fohoren
TL.M12.SD57,TL.M12.SD57.SC415,Suco Lactos
TL.M12.SD58,TL.M12.SD58.SC416,Suco Belecasac
TL.M12.SD58,TL.M12.SD58.SC417,Suco Holpilat
TL.M12.SD58,TL.M12.SD58.SC418,Suco Matai
TL.M12.SD58,TL.M12.SD58.SC419,Suco Ogues
TL.M12.SD59,TL.M12.SD59.SC420,Suco Beco I
TL.M12.SD59,TL.M12.SD59.SC421,Suco Debos
TL.M12.SD59,TL.M12.SD59.SC422,Suco Labarat
TL.M12.SD59,TL.M12.SD59.SC423,Suco Kamenasa
TL.M12.SD59,TL.M12.SD59.SC424,Suco Suai Loro
TL.M12.SD60,TL.M12.SD60.SC425,Suco Beiseuc
TL.M12.SD60,TL.M12.SD60.SC426,Suco Casabauc
TL.M12.SD60,TL.M12.SD60.SC427,Suco Lalawa
TL.M12.SD60,TL.M12.SD60.SC428,Suco Maudemo
TL.M12.SD61,TL.M12.SD61.SC429,Suco Beco II
TL.M12.SD61,TL.M12.SD61.SC430,Suco Fatuleto
TL.M12.SD61,TL.M12.SD61.SC431,Suco Lepo
TL.M12.SD61,TL.M12.SD61.SC432,Suco Lour
TL.M12.SD61,TL.M12.SD61.SC433,Suco Mape
TL.M12.SD61,TL.M12.SD61.SC434,Suco Raimera
TL.M12.SD61,TL.M12.SD61.SC435,Suco Ucecai
TL.M12.SD61,TL.M12.SD61.SC436,Suco Zulo
TL.M13.SD62,TL.M13.SD62.SC437,Suco Banafi
TL.M13.SD62,TL.M13.SD62.SC438,Suco Bebe Ufe
TL.M13.SD62,TL.M13.SD62.SC439,Suco Lela Ufe
TL.M13.SD62,TL.M13.SD62.SC440,Suco Suni Ufe
TL.M13.SD62,TL.M13.SD62.SC441,Suco Usi Taco
TL.M13.SD63,TL.M13.SD63.SC442,Suco Bobometo
TL.M13.SD63,TL.M13.SD63.SC443,Suco Usitakeno
TL.M13.SD63,TL.M13.SD63.SC444,Suco Usitasae
TL.M13.SD64,TL.M13.SD64.SC445,Suco Bobocasae
TL.M13.SD64,TL.M13.SD64.SC446,Suco Costa
TL.M13.SD64,TL.M13.SD64.SC447,Suco Cunha
TL.M13.SD64,TL.M13.SD64.SC448,Suco Lalisuk
TL.M13.SD64,TL.M13.SD64.SC449,Suco Lifau
TL.M13.SD64,TL.M13.SD64.SC450,Suco Naimeco
TL.M13.SD64,TL.M13.SD64.SC451,Suco Nipane
TL.M13.SD64,TL.M13.SD64.SC452,Suco Taiboco
TL.M13.SD65,TL.M13.SD65.SC453,Suco Abani
TL.M13.SD65,TL.M13.SD65.SC454,Suco Malelat
TL.M2.SD10,TL.M2.SD10.SC80,Suco Caicua
TL.M2.SD10,TL.M2.SD10.SC81,Suco Loilubo
TL.M2.SD10,TL.M2.SD10.SC82,Suco Ossoala
TL.M2.SD10,TL.M2.SD10.SC83,Suco Ostico
TL.M2.SD10,TL.M2.SD10.SC84,Suco Uaigae
TL.M2.SD10,TL.M2.SD10.SC85,Suco Uatu-Lari
TL.M2.SD10,TL.M2.SD10.SC86,Suco Vemasse
TL.M2.SD11,TL.M2.SD11.SC87,Suco Bado-Ho’o
TL.M2.SD11,TL.M2.SD11.SC88,Suco Bahamori
TL.M2.SD11,TL.M2.SD11.SC89,Suco Fatulia
TL.M2.SD11,TL.M2.SD11.SC90,Suco Uailaha
TL.M2.SD11,TL.M2.SD11.SC91,Suco Uai-Oli
TL.M2.SD11,TL.M2.SD11.SC92,Suco Uatu-Haco
TL.M2.SD11,TL.M2.SD11.SC93,Suco Uma-Anaico
TL.M2.SD11,TL.M2.SD11.SC94,Suco Uma Analu
TL.M2.SD6,TL.M2.SD6.SC36,Suco Afaloicai
TL.M2.SD6,TL.M2.SD6.SC37,Suco Alaua-Craik
TL.M2.SD6,TL.M2.SD6.SC38,Suco Alaua-Leten
TL.M2.SD6,TL.M2.SD6.SC39,Suco Defa-Uassi
TL.M2.SD6,TL.M2.SD6.SC40,Suco Hae-Coni
TL.M2.SD6,TL.M2.SD6.SC41,Suco Larisula
TL.M2.SD6,TL.M2.SD6.SC42,Suco Lavateri
TL.M2.SD6,TL.M2.SD6.SC43,Suco Osso-Huna
TL.M2.SD6,TL.M2.SD6.SC44,Suco Samalari
TL.M2.SD6,TL.M2.SD6.SC45,Suco Uacala
TL.M2.SD7,TL.M2.SD7.SC46,Suco Bahú
TL.M2.SD7,TL.M2.SD7.SC47,Suco Bucoli
TL.M2.SD7,TL.M2.SD7.SC48,Suco Buibau
TL.M2.SD7,TL.M2.SD7.SC49,Suco Buruma
TL.M2.SD7,TL.M2.SD7.SC50,Suco Caibada Uaimua
TL.M2.SD7,TL.M2.SD7.SC51,Suco Samalari
TL.M2.SD7,TL.M2.SD7.SC52,Suco Seiçal
TL.M2.SD7,TL.M2.SD7.SC53,Suco Tirilolo
TL.M2.SD7,TL.M2.SD7.SC54,Suco Triloka
TL.M2.SD7,TL.M2.SD7.SC55,Suco Gariuai
TL.M2.SD7,TL.M2.SD7.SC56,Suco Uailili
TL.M2.SD8,TL.M2.SD8.SC57,Suco Atelari
TL.M2.SD8,TL.M2.SD8.SC58,Suco Libagua
TL.M2.SD8,TL.M2.SD8.SC59,Suco Nunira
TL.M2.SD8,TL.M2.SD8.SC60,Suco Saelari
TL.M2.SD8,TL.M2.SD8.SC61,Suco Sagadate
TL.M2.SD8,TL.M2.SD8.SC62,Suco Samalari
TL.M2.SD8,TL.M2.SD8.SC63,Suco Soba
TL.M2.SD8,TL.M2.SD8.SC64,Suco Tequinaumata
TL.M2.SD9,TL.M2.SD9.SC65,Suco Abafala
TL.M2.SD9,TL.M2.SD9.SC66,Suco Abo
TL.M2.SD9,TL.M2.SD9.SC67,Suco Afaçá
TL.M2.SD9,TL.M2.SD9.SC68,Suco Baguia
TL.M2.SD9,TL.M2.SD9.SC69,Suco Bualale
TL.M2.SD9,TL.M2.SD9.SC70,Suco Guruça
TL.M2.SD9,TL.M2.SD9.SC71,Suco Lacoliu
TL.M2.SD9,TL.M2.SD9.SC72,Suco Laisorulai de baixo
TL.M2.SD9,TL.M2.SD9.SC73,Suco Laisorulai de cima
TL.M2.SD9,TL.M2.SD9.SC74,Suco Lelalai
TL.M2.SD9,TL.M2.SD9.SC75,Suco Letemumo
TL.M2.SD9,TL.M2.SD9.SC76,Suco Macalaco
TL.M2.SD9,TL.M2.SD9.SC77,Suco Maluro
TL.M2.SD9,TL.M2.SD9.SC78,Suco Namanei
TL.M2.SD9,TL.M2.SD9.SC79,Suco Uaitame
TL.M3.SD12,TL.M3.SD12.SC94,Suco Ahic
TL.M3.SD12,TL.M3.SD12.SC95,Suco Dilor
TL.M3.SD12,TL.M3.SD12.SC96,Suco Laline
TL.M3.SD12,TL.M3.SD12.SC97,Suco Uma Tolu
TL.M3.SD13,TL.M3.SD13.SC98,Suco Builale
TL.M3.SD13,TL.M3.SD13.SC99,Suco Builo
TL.M3.SD13,TL.M3.SD13.SC100,Suco Liaruca
TL.M3.SD13,TL.M3.SD13.SC101,Suco Loi-Huno
TL.M3.SD13,TL.M3.SD13.SC102,Suco Nahareca
TL.M3.SD13,TL.M3.SD13.SC103,Suco Ossorua
TL.M3.SD13,TL.M3.SD13.SC104,Suco Ossu de Cima
TL.M3.SD13,TL.M3.SD13.SC105,Suco Uabubo
TL.M3.SD13,TL.M3.SD13.SC106,Suco Uaguia
TL.M3.SD13,TL.M3.SD13.SC107,Suco Uaibobo
TL.M3.SD14,TL.M3.SD14.SC108,Suco Afaloicai
TL.M3.SD14,TL.M3.SD14.SC109,Suco Babulo
TL.M3.SD14,TL.M3.SD14.SC110,Suco Macadique
TL.M3.SD14,TL.M3.SD14.SC111,Suco Matohoi
TL.M3.SD14,TL.M3.SD14.SC112,Suco Uaitame
TL.M3.SD14,TL.M3.SD14.SC113,Suco Vessoru
TL.M3.SD15,TL.M3.SD15.SC114,Suco Afaloicai
TL.M3.SD15,TL.M3.SD15.SC115,Suco Bahatata
TL.M3.SD15,TL.M3.SD15.SC116,Suco Irabin de Baixo
TL.M3.SD15,TL.M3.SD15.SC117,Suco Irabin de Cima
TL.M3.SD15,TL.M3.SD15.SC118,Suco Loi Ulu
TL.M3.SD15,TL.M3.SD15.SC119,Suco Uani Uma
TL.M3.SD16,TL.M3.SD16.SC120,Suco Bahalarauain
TL.M3.SD16,TL.M3.SD16.SC121,Suco Bibileo
TL.M3.SD16,TL.M3.SD16.SC122,Suco Caraubalu
TL.M3.SD16,TL.M3.SD16.SC123,Suco Fatu Dere
TL.M3.SD16,TL.M3.SD16.SC124,Suco Luca
TL.M3.SD16,TL.M3.SD16.SC125,Suco Maluru
TL.M3.SD16,TL.M3.SD16.SC126,Suco Uaimori
TL.M3.SD16,TL.M3.SD16.SC127,Suco Uma Qui’ic
TL.M3.SD16,TL.M3.SD16.SC128,Suco Uma Uain Craic
TL.M3.SD16,TL.M3.SD16.SC129,Suco Uma Uain Leten
TL.M4.SD17,TL.M4.SD17.SC130,Suco Aubeon
TL.M4.SD17,TL.M4.SD17.SC131,Suco Barique
TL.M4.SD17,TL.M4.SD17.SC132,Suco Fatuwaqui
TL.M4.SD17,TL.M4.SD17.SC133,Suco Manehat
TL.M4.SD17,TL.M4.SD17.SC134,Suco Sikone-Diloli
TL.M4.SD17,TL.M4.SD17.SC135,Suco Umaboku
TL.M4.SD18,TL.M4.SD18.SC136,Suco Hohorai
TL.M4.SD18,TL.M4.SD18.SC137,Suco Licore
TL.M4.SD18,TL.M4.SD18.SC138,Suco Lacumesac
TL.M4.SD18,TL.M4.SD18.SC139,Suco Uma Caduac
TL.M4.SD18,TL.M4.SD18.SC140,Suco Uma Naruc
TL.M4.SD19,TL.M4.SD19.SC141,Suco Batara
TL.M4.SD19,TL.M4.SD19.SC142,Suco Fatumakerek
TL.M4.SD19,TL.M4.SD19.SC143,Suco Funar
TL.M4.SD19,TL.M4.SD19.SC144,Suco Manelima
TL.M4.SD19,TL.M4.SD19.SC145,Suco Orlalan
TL.M4.SD19,TL.M4.SD19.SC146,Suco Sananain
TL.M4.SD19,TL.M4.SD19.SC147,Laleia Subdistrict
TL.M4.SD19,TL.M4.SD19.SC148,Suco Cairui
TL.M4.SD19,TL.M4.SD19.SC149,Suco Hatularan
TL.M4.SD19,TL.M4.SD19.SC150,Suco Lifau
TL.M4.SD21,TL.M4.SD21.SC151,Suco Ailili
TL.M4.SD21,TL.M4.SD21.SC152,Suco Aiteas
TL.M4.SD21,TL.M4.SD21.SC153,Suco Cribas
TL.M4.SD21,TL.M4.SD21.SC154,Suco Iliheu
TL.M4.SD21,TL.M4.SD21.SC155,Suco Maabat
TL.M4.SD21,TL.M4.SD21.SC156,Suco Sau
TL.M4.SD22,TL.M4.SD22.SC157,Suco Fatumakerek
TL.M4.SD22,TL.M4.SD22.SC158,Suco Leohat
TL.M4.SD22,TL.M4.SD22.SC159,Suco Manlala
TL.M4.SD22,TL.M4.SD22.SC160,Suco Maunfahe
TL.M4.SD22,TL.M4.SD22.SC161,Suco Samoro
TL.M5.SD23,TL.M5.SD23.SC162,Suco Beloi
TL.M5.SD23,TL.M5.SD23.SC163,Suco Biqueli
TL.M5.SD23,TL.M5.SD23.SC164,Suco Macadade
TL.M5.SD23,TL.M5.SD23.SC165,Suco Maquili
TL.M5.SD23,TL.M5.SD23.SC166,Suco Vila
TL.M5.SD24,TL.M5.SD24.SC167,Suco Ailok
TL.M5.SD24,TL.M5.SD24.SC168,Suco Balibar
TL.M5.SD24,TL.M5.SD24.SC169,Suco Becora
TL.M5.SD24,TL.M5.SD24.SC170,Suco Bidau Santana
TL.M5.SD24,TL.M5.SD24.SC171,Suco Camea
TL.M5.SD24,TL.M5.SD24.SC172,Suco Kulu Hun
TL.M5.SD24,TL.M5.SD24.SC173,Suco Hera
TL.M5.SD24,TL.M5.SD24.SC174,Suco Meti Aut
TL.M5.SD25,TL.M5.SD25.SC175,Suco Bairro Pite
TL.M5.SD25,TL.M5.SD25.SC176,Suco Bebonuk
TL.M5.SD25,TL.M5.SD25.SC177,Suco Comoro
TL.M5.SD25,TL.M5.SD25.SC178,Suco Fatuhada
TL.M5.SD25,TL.M5.SD25.SC179,Suco Kampung Alor
TL.M5.SD25,TL.M5.SD25.SC180,Suco Madohi
TL.M5.SD25,TL.M5.SD25.SC181,Suco Manleu-Ana
TL.M5.SD26,TL.M5.SD26.SC182,Suco Mantelolão
TL.M5.SD26,TL.M5.SD26.SC183,Suco Sabuli
TL.M5.SD26,TL.M5.SD26.SC184,Suco Wenunuc
TL.M5.SD26,TL.M5.SD26.SC185,Nain Feto Administrative Post
TL.M5.SD26,TL.M5.SD26.SC186,Suco Akadiru-Hun
TL.M5.SD26,TL.M5.SD26.SC187,Suco Bemori
TL.M5.SD26,TL.M5.SD26.SC188,Suco Bidau Lecidere
TL.M5.SD26,TL.M5.SD26.SC189,Suco Gricenfor 
TL.M5.SD26,TL.M5.SD26.SC190,Suco Lahane Oriental
TL.M5.SD26,TL.M5.SD26.SC191,Suco Santa Cruz
TL.M5.SD28,TL.M5.SD28.SC192,Suco Caicoli
TL.M5.SD28,TL.M5.SD28.SC193,Suco Colmera
TL.M5.SD28,TL.M5.SD28.SC194,Suco Dare
TL.M5.SD28,TL.M5.SD28.SC195,Suco Lahane Ocidental
TL.M5.SD28,TL.M5.SD28.SC196,Suco Mascarenhas
TL.M5.SD28,TL.M5.SD28.SC197,Suco Motael
TL.M5.SD28,TL.M5.SD28.SC198,Suco Vila Verde
TL.M6.SD29,TL.M6.SD29.SC199,Suco Aisirimou
TL.M6.SD29,TL.M6.SD29.SC200,Suco Bandudatu
TL.M6.SD29,TL.M6.SD29.SC201,Suco Fahiria
TL.M6.SD29,TL.M6.SD29.SC202,Suco Fatubosa
TL.M6.SD29,TL.M6.SD29.SC203,Suco Hoholau
TL.M6.SD29,TL.M6.SD29.SC204,Suco Lahae
TL.M6.SD29,TL.M6.SD29.SC205,Suco Lausi
TL.M6.SD29,TL.M6.SD29.SC206,Suco Liurai
TL.M6.SD29,TL.M6.SD29.SC207,Suco Malere
TL.M6.SD29,TL.M6.SD29.SC208,Suco Saboria
TL.M6.SD29,TL.M6.SD29.SC209,Suco Seloi Kraik
TL.M6.SD30,TL.M6.SD30.SC210,Suco Fatisi
TL.M6.SD30,TL.M6.SD30.SC211,Suco Kotolau
TL.M6.SD30,TL.M6.SD30.SC212,Suco Madabeno
TL.M6.SD30,TL.M6.SD30.SC213,Suco Talitu
TL.M6.SD30,TL.M6.SD30.SC214,Suco Tohumeta
TL.M6.SD31,TL.M6.SD31.SC215,Suco Acubilitoho
TL.M6.SD31,TL.M6.SD31.SC216,Suco Bereleu
TL.M6.SD31,TL.M6.SD31.SC217,Suco Betulau
TL.M6.SD31,TL.M6.SD31.SC218,Suco Fahisoi
TL.M6.SD31,TL.M6.SD31.SC219,Suco Fautrilau
TL.M6.SD31,TL.M6.SD31.SC220,Suco Manukasa
TL.M6.SD31,TL.M6.SD31.SC221,Suco Namleso
TL.M6.SD32,TL.M6.SD32.SC222,Suco Acumau
TL.M6.SD32,TL.M6.SD32.SC223,Suco Fadabloko
TL.M6.SD32,TL.M6.SD32.SC224,Suco Fahisoi
TL.M6.SD32,TL.M6.SD32.SC225,Suco Faturasa
TL.M6.SD32,TL.M6.SD32.SC226,Suco Hautuho
TL.M6.SD32,TL.M6.SD32.SC227,Suco Liurai
TL.M6.SD32,TL.M6.SD32.SC228,Suco Maumeta
TL.M6.SD32,TL.M6.SD32.SC229,Suco Tulatakeu
TL.M7.SD33,TL.M7.SD33.SC230,Suco Aituha
TL.M7.SD33,TL.M7.SD33.SC231,Suco Dotik
TL.M7.SD33,TL.M7.SD33.SC232,Suco Malagidan
TL.M7.SD33,TL.M7.SD33.SC233,Suco Taitudal
TL.M7.SD33,TL.M7.SD33.SC234,Suco Uma Berloik
TL.M7.SD34,TL.M7.SD34.SC235,Suco Bubususu
TL.M7.SD34,TL.M7.SD34.SC236,Suco Fatukahi
TL.M7.SD34,TL.M7.SD34.SC237,Suco Kaikasa
TL.M7.SD34,TL.M7.SD34.SC238,Suco Klakuk
TL.M7.SD34,TL.M7.SD34.SC239,Suco Talinehar
TL.M7.SD35,TL.M7.SD35.SC240,Suco Babulu
TL.M7.SD35,TL.M7.SD35.SC241,Suco Betano
TL.M7.SD35,TL.M7.SD35.SC242,Suco Daisula
TL.M7.SD35,TL.M7.SD35.SC243,Suco Gratu
TL.M7.SD35,TL.M7.SD35.SC244,Suco Holarua
TL.M7.SD35,TL.M7.SD35.SC245,Suco Letefoho
TL.M7.SD35,TL.M7.SD35.SC246,Suco Rotutu
TL.M7.SD35,TL.M7.SD35.SC247,Suco Tutuluro
TL.M7.SD36,TL.M7.SD36.SC248,Suco Aitenua
TL.M7.SD36,TL.M7.SD36.SC249,Suco Beremana
TL.M7.SD36,TL.M7.SD36.SC250,Suco Fatukalo
TL.M7.SD36,TL.M7.SD36.SC251,Suco Kaimauk
TL.M7.SD36,TL.M7.SD36.SC252,Suco Foholau
TL.M7.SD36,TL.M7.SD36.SC253,Suco Lesuata
TL.M7.SD36,TL.M7.SD36.SC254,Suco Liurai
TL.M7.SD36,TL.M7.SD36.SC255,Suco Manumera
TL.M7.SD36,TL.M7.SD36.SC256,Suco Matorek
TL.M7.SD36,TL.M7.SD36.SC257,Suco Mindelo
TL.M7.SD36,TL.M7.SD36.SC258,Suco Orana
TL.M8.SD37,TL.M8.SD37.SC259,Suco Fahilebo
TL.M8.SD37,TL.M8.SD37.SC260,Suco Fatumasi
TL.M8.SD37,TL.M8.SD37.SC261,Suco Lauhata
TL.M8.SD37,TL.M8.SD37.SC262,Suco Leorema
TL.M8.SD37,TL.M8.SD37.SC263,Suco Maumeta
TL.M8.SD37,TL.M8.SD37.SC264,Suco Metagou
TL.M8.SD37,TL.M8.SD37.SC265,Suco Motaulun
TL.M8.SD37,TL.M8.SD37.SC266,Suco Tibar
TL.M8.SD37,TL.M8.SD37.SC267,Suco Ulmera
TL.M8.SD38,TL.M8.SD38.SC268,Suco Asumano
TL.M8.SD38,TL.M8.SD38.SC269,Suco Darulete
TL.M8.SD38,TL.M8.SD38.SC270,Suco Dato
TL.M8.SD38,TL.M8.SD38.SC271,Suco Hatukesi
TL.M8.SD38,TL.M8.SD38.SC272,Suco Leotela
TL.M8.SD38,TL.M8.SD38.SC273,Suco Loidahar
TL.M8.SD38,TL.M8.SD38.SC274,Suco Lukulai
TL.M8.SD39,TL.M8.SD39.SC275,Suco Guguleur
TL.M8.SD39,TL.M8.SD39.SC276,Suco Guico
TL.M8.SD39,TL.M8.SD39.SC277,Suco Lisadilia
TL.M8.SD39,TL.M8.SD39.SC278,Suco Maubaralisa
TL.M8.SD39,TL.M8.SD39.SC279,Suco Vatuboro
TL.M8.SD39,TL.M8.SD39.SC280,Suco Vatuvou
TL.M8.SD39,TL.M8.SD39.SC281,Suco Vaviquinia
TL.M9.SD40,TL.M9.SD40.SC282,Suco Atara
TL.M9.SD40,TL.M9.SD40.SC283,Suco Baboe Kraik
TL.M9.SD40,TL.M9.SD40.SC284,Suco Baboe Leten
TL.M9.SD40,TL.M9.SD40.SC285,Suco Batu Manu
TL.M9.SD40,TL.M9.SD40.SC286,Suco Laklo
TL.M9.SD40,TL.M9.SD40.SC287,Suco Lasaun
TL.M9.SD40,TL.M9.SD40.SC288,Suco Laubonu
TL.M9.SD40,TL.M9.SD40.SC289,Suco Leimea Leten
TL.M9.SD40,TL.M9.SD40.SC290,Suco Malabe
TL.M9.SD40,TL.M9.SD40.SC291,Suco Obulo
TL.M9.SD40,TL.M9.SD40.SC292,Suco Parami
TL.M9.SD40,TL.M9.SD40.SC293,Suco Tiarlelo
TL.M9.SD41,TL.M9.SD41.SC294,Suco Estado
TL.M9.SD41,TL.M9.SD41.SC295,Suco Humboe
TL.M9.SD41,TL.M9.SD41.SC296,Suco Lauala
TL.M9.SD41,TL.M9.SD41.SC297,Suco Liguimea
TL.M9.SD41,TL.M9.SD41.SC298,Suco Mertutu
TL.M9.SD41,TL.M9.SD41.SC299,Suco Poetete
TL.M9.SD41,TL.M9.SD41.SC300,Suco Ponilala
TL.M9.SD41,TL.M9.SD41.SC301,Suco Raimerhei
TL.M9.SD41,TL.M9.SD41.SC302,Suco Riheu
TL.M9.SD41,TL.M9.SD41.SC303,Suco Talimoro
TL.M9.SD42,TL.M9.SD42.SC304,Suco Ailelo
TL.M9.SD42,TL.M9.SD42.SC305,Suco Asulau/Sare
TL.M9.SD42,TL.M9.SD42.SC306,Suco Fatubalu
TL.M9.SD42,TL.M9.SD42.SC307,Suco Fatubessi
TL.M9.SD42,TL.M9.SD42.SC308,Suco Hatulia
TL.M9.SD42,TL.M9.SD42.SC309,Suco Kailete Leotela
TL.M9.SD42,TL.M9.SD42.SC310,Suco Leimea Kraik
TL.M9.SD42,TL.M9.SD42.SC311,Suco Leimea Sarinbala
TL.M9.SD42,TL.M9.SD42.SC312,Suco Lisabat
TL.M9.SD42,TL.M9.SD42.SC313,Suco Manusea
TL.M9.SD42,TL.M9.SD42.SC314,Suco Mauabu
TL.M9.SD42,TL.M9.SD42.SC315,Suco Samara
TL.M9.SD42,TL.M9.SD42.SC316,Suco Uruhau
TL.M9.SD43,TL.M9.SD43.SC317,Suco Dukurai
TL.M9.SD43,TL.M9.SD43.SC318,Suco Eraulo
TL.M9.SD43,TL.M9.SD43.SC319,Suco Goulolo
TL.M9.SD43,TL.M9.SD43.SC320,Suco Hatugau
TL.M9.SD43,TL.M9.SD43.SC321,Suco Katrai Kraik
TL.M9.SD43,TL.M9.SD43.SC322,Suco Katrai Leten
TL.M9.SD43,TL.M9.SD43.SC323,Suco Lauana
TL.M9.SD43,TL.M9.SD43.SC324,Suco Letefoho
TL.M9.SD44,TL.M9.SD44.SC325,Suco Fatuquero
TL.M9.SD44,TL.M9.SD44.SC326,Suco Liho
TL.M9.SD44,TL.M9.SD44.SC327,Suco Matata
TL.M9.SD44,TL.M9.SD44.SC328,Suco Oeleso
TL.M9.SD44,TL.M9.SD44.SC329,Suco Railaco Kraik
TL.M9.SD44,TL.M9.SD44.SC330,Suco Railako Leten
TL.M9.SD44,TL.M9.SD44.SC331,Suco Samaleten
TL.M9.SD44,TL.M9.SD44.SC332,Suco Taraso
TL.M9.SD44,TL.M9.SD44.SC333,Suco Tokoluli